<?xml version="1.0" encoding="UTF-8"?>
<!DOCTYPE  mapper PUBLIC "-//mybatis.org//DTD Mapper 3.0//EN" "http://mybatis.org/dtd/mybatis-3-mapper.dtd">
<mapper namespace="user">


<insert id="insert" parameterType="hashMap" useGeneratedKeys="true" keyProperty="user_id">
<![CDATA[
	INSERT INTO user
	(uname, uaddr, uphone)
	VALUES
	(#{uname}, #{uaddr}, #{uphone})
]]>
</insert>



<select id="select" resultType="hashMap">
<![CDATA[
	SELECT *
	FROM user
]]>
</select>



<select id="detail" parameterType="String" resultType="hashMap">
<![CDATA[
	SELECT *
	FROM user
	WHERE uno = #{uno}
]]>
</select>


<delete id="delete" parameterType="String">
<![CDATA[
	DELETE FROM user
	WHERE uno = #{uno}
]]>
</delete>

</mapper>