<?xml version="1.0" encoding="UTF-8"?>
<!DOCTYPE mapper
  PUBLIC "-//mybatis.org//DTD Mapper 3.0//EN"
  "http://mybatis.org/dtd/mybatis-3-mapper.dtd">
  
  <mapper namespace="temp">
  
    <insert id="insert" parameterType="hashMap"
     useGeneratedKeys="true" keyProperty="cno">
  	
  		INSERT INTO 
  		customer (cid, cname) 
  		VALUES (#{cid}, #{cname})
  		
  	</insert>
  
  	<select id="read" resultType="com.example.bootexam.Customer">
  	
  		SELECT * 
  		FROM customer
  		
  	</select>
  	
  	<update id="update" parameterType="hashMap">
  	
  		UPDATE customer
  		SET cname = #{cname}
  		WHERE cid = #{id} 
  		
  	</update>
  
   	<delete id="delete" parameterType="hashMap">
  	
  		DELETE FROM customer
  		WHERE cid = #{id}
  		
  	</delete>
  	
  	
  	<select id="detail" resultType="com.example.bootexam.Customer" parameterType="hashMap">
  	
  	SELECT * 
  	FROM customer
  	WHERE cid = #{cid}
  	
  	</select>
  	
  
  	
  	
  	
  </mapper>